id,firstname,lastname,email,email2,profession
100,Florie,Iiette,Florie.Iiette@yopmail.com,Florie.Iiette@gmail.com,developer
101,Jobi,Greenwald,Jobi.Greenwald@yopmail.com,Jobi.Greenwald@gmail.com,firefighter
102,Lacie,Sothena,Lacie.Sothena@yopmail.com,Lacie.Sothena@gmail.com,firefighter
103,Gretal,Florina,Gretal.Florina@yopmail.com,Gretal.Florina@gmail.com,worker
104,Andree,Shuler,Andree.Shuler@yopmail.com,Andree.Shuler@gmail.com,firefighter
105,Lacie,Ammann,Lacie.Ammann@yopmail.com,Lacie.Ammann@gmail.com,worker
106,Zia,Raychel,Zia.Raychel@yopmail.com,Zia.Raychel@gmail.com,doctor
107,Tatiania,Blase,Tatiania.Blase@yopmail.com,Tatiania.Blase@gmail.com,developer
108,Gaylene,Rillings,Gaylene.Rillings@yopmail.com,Gaylene.Rillings@gmail.com,doctor
109,Joy,Pip,Joy.Pip@yopmail.com,Joy.Pip@gmail.com,firefighter
110,Annora,Eachern,Annora.Eachern@yopmail.com,Annora.Eachern@gmail.com,worker
111,Lolita,Japeth,Lolita.Japeth@yopmail.com,Lolita.Japeth@gmail.com,developer
112,Emelina,Eugenia,Emelina.Eugenia@yopmail.com,Emelina.Eugenia@gmail.com,doctor
113,Dyann,Jacinda,Dyann.Jacinda@yopmail.com,Dyann.Jacinda@gmail.com,police officer
114,Gratia,Deegan,Gratia.Deegan@yopmail.com,Gratia.Deegan@gmail.com,worker
115,Tersina,MacIntosh,Tersina.MacIntosh@yopmail.com,Tersina.MacIntosh@gmail.com,firefighter
116,Ruthe,Morrill,Ruthe.Morrill@yopmail.com,Ruthe.Morrill@gmail.com,worker
117,Lisette,Amasa,Lisette.Amasa@yopmail.com,Lisette.Amasa@gmail.com,doctor
118,Robinia,Bivins,Robinia.Bivins@yopmail.com,Robinia.Bivins@gmail.com,worker
119,Lizzie,Katrine,Lizzie.Katrine@yopmail.com,Lizzie.Katrine@gmail.com,firefighter
120,Neila,Persse,Neila.Persse@yopmail.com,Neila.Persse@gmail.com,police officer
121,Jillayne,Tamsky,Jillayne.Tamsky@yopmail.com,Jillayne.Tamsky@gmail.com,developer
122,Myrtice,Georas,Myrtice.Georas@yopmail.com,Myrtice.Georas@gmail.com,police officer
123,Gavrielle,Joachim,Gavrielle.Joachim@yopmail.com,Gavrielle.Joachim@gmail.com,worker
124,Lily,Ochs,Lily.Ochs@yopmail.com,Lily.Ochs@gmail.com,doctor
125,Carree,Ariella,Carree.Ariella@yopmail.com,Carree.Ariella@gmail.com,worker
126,Nananne,Hull,Nananne.Hull@yopmail.com,Nananne.Hull@gmail.com,developer
127,Tori,Leopold,Tori.Leopold@yopmail.com,Tori.Leopold@gmail.com,worker
128,Ariela,Natalia,Ariela.Natalia@yopmail.com,Ariela.Natalia@gmail.com,firefighter
129,Sarette,Hillel,Sarette.Hillel@yopmail.com,Sarette.Hillel@gmail.com,developer
130,Angela,Friede,Angela.Friede@yopmail.com,Angela.Friede@gmail.com,police officer
131,Leanna,Charity,Leanna.Charity@yopmail.com,Leanna.Charity@gmail.com,developer
132,Patricia,Adamsen,Patricia.Adamsen@yopmail.com,Patricia.Adamsen@gmail.com,police officer
133,Coral,Presber,Coral.Presber@yopmail.com,Coral.Presber@gmail.com,police officer
134,Petronia,Clarissa,Petronia.Clarissa@yopmail.com,Petronia.Clarissa@gmail.com,doctor
135,Gloria,Maples,Gloria.Maples@yopmail.com,Gloria.Maples@gmail.com,worker
136,Laure,Ailyn,Laure.Ailyn@yopmail.com,Laure.Ailyn@gmail.com,worker
137,Rosabelle,Barney,Rosabelle.Barney@yopmail.com,Rosabelle.Barney@gmail.com,doctor
138,Rochette,Goerke,Rochette.Goerke@yopmail.com,Rochette.Goerke@gmail.com,worker
139,Candi,Greyson,Candi.Greyson@yopmail.com,Candi.Greyson@gmail.com,police officer
140,Albertina,Khorma,Albertina.Khorma@yopmail.com,Albertina.Khorma@gmail.com,doctor
141,Sindee,Niccolo,Sindee.Niccolo@yopmail.com,Sindee.Niccolo@gmail.com,worker
142,Darci,Ruvolo,Darci.Ruvolo@yopmail.com,Darci.Ruvolo@gmail.com,developer
143,Ulrike,Thilda,Ulrike.Thilda@yopmail.com,Ulrike.Thilda@gmail.com,worker
144,Adriana,Olin,Adriana.Olin@yopmail.com,Adriana.Olin@gmail.com,firefighter
145,Eve,Kaja,Eve.Kaja@yopmail.com,Eve.Kaja@gmail.com,worker
146,Carlie,Munn,Carlie.Munn@yopmail.com,Carlie.Munn@gmail.com,police officer
147,Annabela,Ardra,Annabela.Ardra@yopmail.com,Annabela.Ardra@gmail.com,worker
148,Aili,Peonir,Aili.Peonir@yopmail.com,Aili.Peonir@gmail.com,developer
149,Kittie,Knowling,Kittie.Knowling@yopmail.com,Kittie.Knowling@gmail.com,police officer
150,Madalyn,Linskey,Madalyn.Linskey@yopmail.com,Madalyn.Linskey@gmail.com,developer
151,Lusa,Raffo,Lusa.Raffo@yopmail.com,Lusa.Raffo@gmail.com,doctor
152,Lauryn,Blisse,Lauryn.Blisse@yopmail.com,Lauryn.Blisse@gmail.com,police officer
153,Imojean,Hortensia,Imojean.Hortensia@yopmail.com,Imojean.Hortensia@gmail.com,worker
154,Rivalee,Loleta,Rivalee.Loleta@yopmail.com,Rivalee.Loleta@gmail.com,doctor
155,Cathie,Carbo,Cathie.Carbo@yopmail.com,Cathie.Carbo@gmail.com,developer
156,Kara-Lynn,Manolo,Kara-Lynn.Manolo@yopmail.com,Kara-Lynn.Manolo@gmail.com,developer
157,Anestassia,Ferrell,Anestassia.Ferrell@yopmail.com,Anestassia.Ferrell@gmail.com,doctor
158,Siana,Eliathas,Siana.Eliathas@yopmail.com,Siana.Eliathas@gmail.com,doctor
159,Ashlee,Wilona,Ashlee.Wilona@yopmail.com,Ashlee.Wilona@gmail.com,police officer
160,Lelah,Nance,Lelah.Nance@yopmail.com,Lelah.Nance@gmail.com,firefighter
161,Josephine,Cottle,Josephine.Cottle@yopmail.com,Josephine.Cottle@gmail.com,worker
162,Deirdre,Granoff,Deirdre.Granoff@yopmail.com,Deirdre.Granoff@gmail.com,doctor
163,Jennica,Nelsen,Jennica.Nelsen@yopmail.com,Jennica.Nelsen@gmail.com,firefighter
164,Latisha,Guthrie,Latisha.Guthrie@yopmail.com,Latisha.Guthrie@gmail.com,doctor
165,Rhea,Jillane,Rhea.Jillane@yopmail.com,Rhea.Jillane@gmail.com,developer
166,Britni,Clie,Britni.Clie@yopmail.com,Britni.Clie@gmail.com,worker
167,Allis,Delacourt,Allis.Delacourt@yopmail.com,Allis.Delacourt@gmail.com,doctor
168,Hildegaard,Bobbee,Hildegaard.Bobbee@yopmail.com,Hildegaard.Bobbee@gmail.com,developer
169,Halette,Bethany,Halette.Bethany@yopmail.com,Halette.Bethany@gmail.com,worker
170,Aurore,Judye,Aurore.Judye@yopmail.com,Aurore.Judye@gmail.com,firefighter
171,Marleah,Henebry,Marleah.Henebry@yopmail.com,Marleah.Henebry@gmail.com,developer
172,Sharlene,Ashok,Sharlene.Ashok@yopmail.com,Sharlene.Ashok@gmail.com,firefighter
173,Heida,Naor,Heida.Naor@yopmail.com,Heida.Naor@gmail.com,worker
174,Aurore,Codding,Aurore.Codding@yopmail.com,Aurore.Codding@gmail.com,doctor
175,Addia,Ammann,Addia.Ammann@yopmail.com,Addia.Ammann@gmail.com,worker
176,Lorie,Wadell,Lorie.Wadell@yopmail.com,Lorie.Wadell@gmail.com,police officer
177,Ebonee,Zamora,Ebonee.Zamora@yopmail.com,Ebonee.Zamora@gmail.com,doctor
178,Danika,Afton,Danika.Afton@yopmail.com,Danika.Afton@gmail.com,doctor
179,Vanessa,Bahr,Vanessa.Bahr@yopmail.com,Vanessa.Bahr@gmail.com,developer
180,Lilith,Sekofski,Lilith.Sekofski@yopmail.com,Lilith.Sekofski@gmail.com,doctor
181,Kathi,Ingra,Kathi.Ingra@yopmail.com,Kathi.Ingra@gmail.com,doctor
182,Nananne,Rese,Nananne.Rese@yopmail.com,Nananne.Rese@gmail.com,developer
183,Goldie,Howlyn,Goldie.Howlyn@yopmail.com,Goldie.Howlyn@gmail.com,worker
184,Anestassia,Rozanna,Anestassia.Rozanna@yopmail.com,Anestassia.Rozanna@gmail.com,worker
185,Angelique,Jaylene,Angelique.Jaylene@yopmail.com,Angelique.Jaylene@gmail.com,doctor
186,Ileana,Soneson,Ileana.Soneson@yopmail.com,Ileana.Soneson@gmail.com,developer
187,Nickie,Pauly,Nickie.Pauly@yopmail.com,Nickie.Pauly@gmail.com,police officer
188,Sheree,Dahlia,Sheree.Dahlia@yopmail.com,Sheree.Dahlia@gmail.com,developer
189,Nollie,Daegal,Nollie.Daegal@yopmail.com,Nollie.Daegal@gmail.com,police officer
190,Fawne,Tillford,Fawne.Tillford@yopmail.com,Fawne.Tillford@gmail.com,developer
191,Wendi,Oscar,Wendi.Oscar@yopmail.com,Wendi.Oscar@gmail.com,firefighter
192,Gwenneth,Merell,Gwenneth.Merell@yopmail.com,Gwenneth.Merell@gmail.com,doctor
193,Marnia,Decato,Marnia.Decato@yopmail.com,Marnia.Decato@gmail.com,police officer
194,Lulita,Kravits,Lulita.Kravits@yopmail.com,Lulita.Kravits@gmail.com,worker
195,Eadie,Tiffa,Eadie.Tiffa@yopmail.com,Eadie.Tiffa@gmail.com,firefighter
196,Tatiania,Gherardo,Tatiania.Gherardo@yopmail.com,Tatiania.Gherardo@gmail.com,firefighter
197,Ana,Carleen,Ana.Carleen@yopmail.com,Ana.Carleen@gmail.com,firefighter
198,Anallese,Hailee,Anallese.Hailee@yopmail.com,Anallese.Hailee@gmail.com,doctor
199,Hettie,Papageno,Hettie.Papageno@yopmail.com,Hettie.Papageno@gmail.com,doctor